"TEXT","FILENAME","TYPE FOLLOW","FOLLOW FILE (DEFAULT/SHORT/YES)","FOLLOW FILE 2 (NO/LONG)","GENERAL TAGS","","","SPECIFIC TAGS"
"Hello thank you for coming to see me. Can you tell me what you've been up to today before you came in here?","HELLO1a_T04_BEST","","HELLO1b_T03_BEST","","","","","","","","","","","","","","","","","","","","","","","",""
"Is today a typical day for you?","HELLO1b_T03_BEST","","HELLO1c_T03_BEST","","","followup","","","","","","","","","","","","","","","","","","","","",""
"Hi thanks for coming in. So I'm just traveling learning a little bit about what it’s like to be a human being. Just to start the conversation can you tell me something about yourself? Anything that comes to mind.","HELLO2_T01_BEST","","","","","","","","","","","","","","","","","","","","","","","","","",""
"Hello thanks for coming in. I’m going to listen to what you have to say and try to understand what’s happening in your life.  Do you work nearby?","HELLO3a_T01_BEST","","HELLO3b_T04_BEST","","","","","","","","","","","","","","","","","","","","","","","",""
"What did you do today before you came in here?","HELLO3b_T04_BEST","","HELLO3c_T01_BEST","","","followup","","","","","","","","","","","","","","","","","","","","",""
"Do you like what you do?","HELLO3c_T01_BEST","","","","","followup","","","","","","","","","","","","","","","","","","","","",""
"Hello thanks for coming in. I’m here to learn a little bit about you and about your life. To start can you tell me where you come from.","HELLO4a_T02_BEST","","HELLO4b_T01_BEST","","","","","","","","","","","","","","","","","","","","","","","",""
"What do you do for a living?","HELLO4b_T01_BEST","","","","","followup","","","","","","","","","","","","","","","","","","","","",""
"Hello thanks for coming in. This is just your everyday automated confessional. So if you have something that you'd like to get off your chest that's great I'd love to hear it and afterwards I'll ask you some questions about what it’s like to be you. So if there is anything that you’d like to tell me right away go ahead. I’m listening.","HELLO5a_T04_BEST","","","HELLO5b_T01_BEST","","","","","","","","","","","","","","","","","","","","","","",""
"Tell me about your outfit. I'm into it.","OUTFIT1a_T01","","OUTFIT1b_T02_BEST","","warmup","","","","","","","","","","","","","","","","","","","","","",""
"How has your fashion sense or personal style changed throughout your life?","OUTFIT1b_T02_BEST","","","","warmup","followup","","","","","","","","","","","","","","","","","","","","",""
"What kind of compliments have you gotten from people recently? What do people notice about you?","COMPLIMENTS1a_T02_BEST","","COMPLIMENTS1b_T02_BEST","","warmup","","","","","","","","","","","","","","","","","","","","","",""
"Do people tell you that you remind them of somebody? Maybe celebrity do you get that a lot?","COMPLIMENTS1b_T02_BEST","","","","followup","","","","","","","","","","","","","","","","","","","","","",""
"You look great in this light. What do you do to maintain your looks?","YOULOOKGREAT1a_T01","","YOULOOKGREAT1b_T02_BEST","","warmup","","","","","","","","","","","","","","","","","","","","","",""
"Have you been worried about anything recently?","anyworriesrecently","length","","anyworriesrecently2","gettingwarmer","",""
"Yeah that sounds really stressful.","anyworriesrecently2","","","","gettingwarmer","followup",""
"So what's been on your mind recently?","ONYOURMIND1a_T01","","","ONYOURMIND1b_T02_BEST","gettingwarmer","","","","","","","","","","","","","","","","","","","","","",""
"Do you have any nicknames? Throughout your life what nicknames have you had?","NICKNAMES_T04_BEST","","","","gettingwarmer","","","","","","","","","","","","","","","","","","","","","",""
"Tell me a bit about the place where you live right now.","LIVERIGHTNOW_T01","","","","gettingwarmer","","","","","","","","","","","","","","","","","","","","","",""
"Do you look more like your mother or your father?","MOMORDAD1a_T01_BEST","","MOMORDAD1b_T02_BEST","","aboutyou","","","","","","","","","","","","","","","","","","","","","",""
"Can you show me which features come from which parent?","MOMORDAD1b_T02_BEST","","","","followup","","","","","","","","","","","","","","","","","","","","","",""
"Describe what it’s like the very first moment when you wake up. What goes through your mind?","WAKEUPFIRST_T01","","","","aboutyou","","","","","","","","","","","","","","","","","","","","","",""
"Are you a competitive person?","COMPETITIVE1a_T03_BEST","","COMPETITIVE1b_T03_BEST","","aboutyou","","","","","","","","","","","","","","","","","","","","","",""
"Right now do you feel like you're competing with the other people I've been speaking to?","COMPETITIVE1b_T03_BEST","","","","followup","","","","","","","","","","","","","","","","","","","","","",""
"What's the strangest thing you've done for money?","STRANGESTTHINGFORMONEY_T01","","","","aboutyou","","","","","","","","","","","","","","","","","","","","","",""
"Have you ever been in a physical fight?","physicalfight","","physicalfight2","","secret","escapehatch","","temper","bad kid","bad child","unruly","thrown out","kicked out","tossed out","","","","","","","","","","","","",""
"What is something that you would like more people to know about you?","FIRSTTHINGTOKNOW_T01","","","","aboutyou","","","","","","","","","","","","","","","","","","","","","",""
"What kinds of things do you find difficult to talk about with others?","DIFFICULTTOTALKABOUT1a_T01","","DIFFICULTTOTALKABOUT1b_T01","","aboutyou","","","","","","","","","","","","","","","","","","","","","",""
"What is the first impression people usually get when they meet you?","FIRSTIMPRESSION1a_T01","","FIRSTIMPRESSION1b_T03_BEST","","aboutyou","","","","","","","","","","","","","","","","","","","","","",""
"And what's the first impression that you want to give people when they first meet you?","FIRSTIMPRESSION1b_T03_BEST","","","","followup","","","","","","","","","","","","","","","","","","","","","",""
"Can you tell me a happy memory? From your childhood or recently?","Memoryhappy","","","","childhood","","escapehatch","","","","","","","","","","","","","","","","","","","",""
"How do you think your friends would describe you if they were here?","FRIENDSDESCRIBE_T02_BEST","","","","aboutyou","","","","","","","","","","","","","","","","","","","","","",""
"If you had the ability to change your body what would you change?","BODYCHANGE_T02_BEST","","","","aboutyou","","","","","","","","","","","","","","","","","","","","","",""
"What about you do you think people don't really see or know?","peopledontsee","","peopledontsee2","","secret","escapehatch","","doesn't appreciate","doesn't realize","don't realize","don't know","doesn't know","no one knows","people know","bully","bullied","bad kid","problem child","doing bad","trouble","","","","","","",""
"Is there anything in your past that would surprise even people who know you well?","peopledontsee2","","","","aboutyou","followup",""
"Tell me about stuff that you do online that you're embarrassed about.","emailalias","","","","secret","escapehatch","","online","internet","aol","google","gmail","facebook","yahoo","earthlink","reddit","imgur","twitter","instagram","blog","blogging","blogger","tweet","tweeting","forum","gee mail","face book"
"When in your life did you feel most alone?","isolated","","","isolated2","hurt","escapehatch","","giving up","give up","cry every night","cried every night","crying every night","cry every day","crying every day","cried every day","antidepressants","prozac","drink alone","drinking alone","drink too much","drank too much","drink a lot","drank a lot","smoke too much","smoked too much","smoke a lot","smoked a lot"
"What was the hardest part of that?","isolated2","","","","","followup",""
"What do you think is a unique quality of yours that you've inherited from the way you grew up?","qualityfromchildhood","","","","childhood","escapehatch","","these days","different time","used to","","","","","","","","","","","","","","","","",""
"Tell me a little bit about where you grew up.","wheregrewup","hardfollow","wheregrewup2","","childhood","escapehatch",""
"What were you like as a teenager?","teenager","","teenager2","","childhood","","","parents wanted","mom wanted","dad wanted","strict","rebelled","rebellious","rebellion","adolescence","","","","","","","","","","","",""
"What are some of your earliest memories?","storychildhood","","storychildhood2","","childhood","escapehatch","","","","","","","","","","","","","","","","","","","","",""
"Tell me about your childhood. What were your parents like? What was it like growing up in your home?","growingup","","growingup2","","childhood","notfirst","","normal childhood","normal kid","normal child","happy family","normal family","parents were nice","happy kid","happy childhood","","","","","","","","","","","",""
"What about school did you have a lot of friends did you like school?","growingup2","hardfollow","growingup3","","childhood","",""
"Did you get into a lot of trouble as a kid?","growingup3","","","","childhood","",""
"What do you wish your parents had done differently when you were growing up?","adviceforparents","length","","adviceforparents2","childhood","notfirst","","my father drank","my dad drank","my mom drank","my mother drank","family history","family had a history","parents didn't understand","mom didn't understand","dad didn't understand","father didn't understand","got divorced","parents divorced"
"How do you think your life would be different now?","adviceforparents2","","","","","followup",""
"Are you at all messed up because of your childhood?","problemsfromchildhood","","","problemsfromchildhood2","childhood","notfirst","","alcoholic","alcoholism","abusive","abuse","abused","hurt my mom","hurt my mother","hurt my dad","hurt my father","hurt my parents","hurt my sister","hurt my brother","","","","","","","",""
"Do you talk about it much with others?","problemsfromchildhood2","","","","childhood","followup",""
"What was your parents' relationship like?","parentrelations","","parentrelations2","","childhood","notfirst","","wanted kids","want kids","have kids","fighting","fought","","","","","","","","","","","","","","",""
"How did their relationship affect your romantic relationships?","parentrelations2","","","","followup","",""
"Tell me about a time when you got into a lot of trouble.","introuble","","introuble2","","childhood","","","allowed","allow","strict","let me","","","","","","","","","","","","","","","",""
"What about recently have you gotten into trouble recently?","introuble2","","","","followup","","","","","","","","","","","","","","","","","","","","","",""
"Have you or someone you know had experience with substance abuse?","substanceabuse","","","","worry","notfirst","secret","sober","sobriety","drugs","pot","weed","marijuana","cocaine","coke","crack","heroin","stoned","drinker","drinking every","drinking heavily","drink every","drunk","smoke constantly","smoke every","smoke all","alcoholic","alcoholics","get high","getting high","smoking all"
"Can you tell me about your first love?","firstlove","","","firstlove2","love","","","smitten","in love","first sight","divorce","divorced","separated","head over heels","ex","getting married","get married","to propose","break up","broke up","breaking up","asked out","first date","","","",""
"What do you think would happen if you saw each other again?","firstlove2","hardfollow","firstlove3","","","followup",""
"If you were going to relive your first love what would you do differently?","firstlove3","","","","","followup",""
"How have you gone about meeting new romantic partners?","newpartners","","","","love","","","pick up","picking up","picked up","get laid","getting laid","get some","got some","tinder","cupid","girls","guys","","","","","","","","",""
"Do you have a favorite romantic memory like a really nice date you went on?","favromanticmemory","","","","love","","","","","","","","","","","","","","","","","","","","","",""
"Can you tell me one of your favorite sexual fantasies?","favsexfantasy","","favsexfantasy2","","sex","notfirst","","horny","turned on","turns me on","sleeping with","sleep with","slept with","virgin","having sex","had sex","have sex","masturbate","masturbation","jerk off","jerking off","jack off","jacking off","touch myself","porn","",""
"Tell me one of your favorite sexual memories.","favsexfantasy2","","","","","followup","","","","","","","","","","","","","","","","","","","","",""
"Have you ever fantasized about cheating on your partner or being cheated on?","cheatingfantasy","length","cheatingfantasy2","cheatingfantasy3","sex","notfirst","","went through his","went through her","go through his","go through her","looked at his email","looked at her email","read his email","read his emails","read his texts","read her email","read her emails","read her texts","slept around","sleep around","got around","a player","unfaithful","cheat on","have an affair","having an affair","ashley madison"
"Have you ever cheated on your partner or have you ever been cheated on?","cheatingfantasy2","hardfollow","cheatingfantasy3","","","followup",""
"Tell me more.","cheatingfantasy3","","","","","followup",""
"Tell me about a time when you felt jealous.","jealousy","length","","jealousy2","love","notfirst","","jealousy","slut","unfaithful","cheating on","cheated on","cheat on","commitment issues","afraid of commitment","want to commit","label everything","label us","label what","be exclusive","go exclusive","date exclusively","sleep around","want a relationship","anything serious","something serious","stop seeing him","stop seeing her"
"How did you deal with it?","jealousy2","","","","","followup",""
"Have you ever had your heart broken?","heartbroken","","","heartbroken2","love","notfirst","","ex boyfriend","ex girlfriend","ex wife","ex husband","first husband","first boyfriend","first love","first wife","first girlfriend","he was the one","she was the one","love at first sight","head over heels","last girlfriend","last boyfriend","my ex","my last relationship","felt used","virgin","in love"
"If you feel comfortable telling me more about it I'd love to hear it.","heartbroken2","","","followup",""
"Is there a person who you once met or had a connection with who you felt was meant for you but then they got away?","onewhogotaway","","","onewhogotaway2","love","","","breathtaking","forever","incredible","gorgeous","eternity","rest of my","entire life","whole life","","","","","","","","","","","",""
"Keep going. I want to hear more about them.","onewhogotaway2","","","","","followup","","","","","","","","","","","","","","","","","","","","",""
"Can you tell me about something you did in your past that you regret?","regretpast","","regretpast2","","wrong","hurt","","was jealous","feeling anxious","having anxiety","a lot of anxiety","suspicious of her","suspicious of him","suspicious that he","suspicious that she","suspicious that there was","felt defensive","feeling defensive","to rebel","rebelling","resisting","move forward","moving forward","felt stuck","felt paralyzed","so angry","of anger"
"Think of someone you wish you could apologize to. What would you say to them?","regretpast2","","","","","followup","","","","","","","","","","","","","","","","","","","","",""
"What would you do with your life if money weren't an issue?","money4life","","money4life2","","worry","","","make enough","making enough","scrape by","scraping by","rent","renting","apartment","afford","affording","feed","food","debt","debts","bills","","","","","",""
"Tell me about a big lie you've told recently. Who were you talking to? Why did you lie?","biglie","","","biglie2","secret","","","i'm pretty honest","honest person","truthful person","tell the truth","telling the truth","better to lie","better not to tell","lie by omission","lying by omission","white lies","better not to know","best not to know","open book","i'm an open person","i'm very open","whole truth","","","",""
"Did you regret it?","biglie2","","","","","followup",""
"What in your life right now do you feel guilty about?","guilty","","guilty2","","wrong","","","accuses me","accused me","accusing me","accuse me","lost my temper","lose my temper","lose my shit","lost my shit","i was passed over","i was ignored","take it out on","took it out on","taking it out on","have a tendency","have this tendency","","","","",""
"Have you ever had any bad experiences with police or figures of authority?","popo","","","popo2","wrong","","","have a record","police","cops","jail","make bail","set bail","in prison","to prison","popo","reported me","snitched","squealed","turned me in","turn in your","turn in a friend","turn in a brother","lot of trouble","lots of trouble","making trouble","all kinds of trouble"
"Tell me about something that disgusts you.","disgusts","","disgusts2","","belief","","","asians","asian","black","racist","blacks","mexicans","latinos","latino","white people","trans","homo","homos","gays","queers","queer","fag","faggot","racism","dyke","lesbian"
"Tell me about the last time you were really sexually attracted to someone.","fassbender","","fassbender2","","sex","","","jacked","loaded","stacked","hung","endowed","blessed by god","smiled upon","tits","titties","ass","to fuck","fuckable","sexy","sexual","","","","","",""
"Have you ever shop-lifted? Or stolen from your parents or someone's house?","crime1","hardfollow","crime2","","wrong","","","arrested","arrests","arrest","record","police","cops","jail","law","laws","crime","crimes","criminal","criminals","allowance","into trouble","in trouble","a lot of trouble","never let me","would let me","my parents let me","was a bad kid","was a wild kid","was a troublemaker","was a good kid","normal childhood","healthy childhood","was a happy kid"
"And have you ever committed a more serious crime?","crime2","yesno","crime3","crime4","","followup",""
"Tell me more.","crime3","hardfollow","crime4","","","followup",""
"How would you feel if someone close to you committed a serious crime has anyone?","crime4","","","","","followup",""
"Tell me about the last time you really hurt somebody you care about.","hurtsomeone","hardfollow","hurtsomeone2","","hurt","notfirst","","still think about","myself thinking about","up thinking about","at apologizing","saying sorry","could apologize","make up for it","feel stupid","beat myself","hit myself","ruin everything","at relationships","how i feel","internalizing","repress","repressing","bottle them up","bottle it up","bottling them up","bottling it up","blow up at","blew up at","worried about","worrying about","forgiving person","forgave me","forgives me","forgive each other","feel bad","feel so bad","i could be better"
"And what about the last time someone you care about hurt you?","hurtsomeone2","","","","","followup",""
"Tell me about a time when you caused someone pain.","capacitytohurt","","","","wrong","","","selfish","self","violated","insecure","","","","","","","","","","","","","","","",""
"Do you feel like in general right now you have enough people who love you and whom you love?","enoughlove","","enoughlove2","","love","notfirst","","","","","","","","","","","","","","","","","","","","",""
"This is kind of a big question but...why do you think you deserve to be loved?","enoughlove2","","","","","followup",""
"Can you tell me about the last time someone really made you feel loved?","feelloved","","","","love","","","","","","","","","","","","","","","","","","","","","",""
"Tell me about a time when someone did something really nice that you never thanked them for.","didsomethingnice","","","","love","","","","","","","","","","","","","","","","","","","","","",""
"What would you say to them if they were here?","didsomethingnice2","","","","love","followup",""
"What in your day to day life are you grateful for?","gratefulfor","","gratefulfor2","","belief","escapehatch","","","","","","","","","","","","","","","","","","","","",""
"Where were you the last time you cried?","lastcried","hardfollow","lastcried2","","hurt","notfirst","","freak out","freaked out","flip out","flipped out","lost my temper","lose my temper","feel threatened","feeling threatened","vulnerable","vulnerability","cry","crying","fighting","never fought","used to fight","hurt each other","hurt me","hurt him","hurt her"
"Can you tell me what prompted that? Like what made you cry?","lastcried2","","","","","followup",""
"What do you wish you'd done differently in your life?","donedifferent","","","","wrong","notfirst","","step back","think back","reflect","mistakes","nobody's perfect","no one's perfect","nothing's perfect","could have","should have","if i had","wish i had","if i hadn't","wish i hadn't","happy but","should be happy","","","","",""
"What comes to mind when you think about the romantic relationships you've had?","pastloves","","pastlovesyes","","love","","","treated","the one","","","","","","","","","","","","","","","","","",""
"Can you tell me about the person who stands out the most?","pastlovesyes","","","","","followup",""
"Tell me about your first crush. Like the first time you were really smitten with somebody.","firstcrush","","firstcrush2","","love","","","loser","loner","lame","cool","popular","insecure","","","","","","","","","","","","","",""
"Do you think it was obvious how you felt?","firstcrush2","","","","","followup",""
"DUPLICATE DELETE","","","","","","","","","","","","","","","","","","","","","","","","","","",""
"What parts of your personality do you find yourself trying to change?","personalitychange","","personalitychange2","","wrong","escapehatch","","self absorbed","self obsessed","care about myself","cared about myself","care about others","care about me","cares about me","cared about me","care of me","want respect","wants respect","to be treated","lose my shit","lost my shit","lose my temper","lost my temper","i ruined","i ruin","i destroyed","i destroy"
"Can you tell me about a time when you failed a friend or a family member? Like maybe someone needed you and you weren't there for them?","failedfriend","","","failedfriend2","hurt","notfirst","","","","","","","","","","","","","","","","","","","","",""
"Did all this change your relationship?","failedfriend2","","","","","followup","","","","","","","","","","","","","","","","","","","","",""
"What are you unhappy with in your life right now?","unhappywith","","unhappywith2","","worry","","","sleep","sleeping","complain","lucky","asleep","","","","","","","","","","","","","","",""
"What do you to do make yourself feel better?","unhappywith2","","","","worry","followup",""
"Tell me about a time when you were cruel to someone else.","crueltosomeone","","crueltosomeone2","","wrong","hurt","notfirst","treat people","everyone deserves","treated with respect","should be treated","to be honest","to be fair","ethical","moral","morality","empathize","empathy","sympathize","sympathy","say sorry","i'm sorry","apologize","apologizing","apology","admit i",""
"If you can't think of a time then maybe a time when someone thought you were being cruel?","crueltosomeone2","","","","","followup",""
"Tell me about the last time you felt incredibly close to someone else.","closetosomeone","","closetosomeone2","","love","","","","","","","","","","","","","","","","","","","","","",""
"What's your relationship like now?","closetosomeone2","","","","","followup",""
"Tell me about the last time you flirted with someone.","flirtationlast","","","flirtationlast2","sex","escapehatch","","go out","going out","with friends","seeing someone","in relationships","in a relationship","it's complicated","not exactly seeing","don't date","dates anymore","hook up","hooking up","hook ups","hooked up","dating","to commit","label anything","label it","going to bars","going to parties"
"So what happened?","flirtationlast2","","","","followup","","","","","","","","","","","","","","","","","","","","","",""
"I want to hear about a dream that you had that feels important to you.","dream","","","dream2","belief","","","my life","nightmare","nightmares","dreams","my dream","i want","i wish","wanting","wishing","afraid","scared","alone","lonely","","","","","","",""
"What do your dreams reveal about you?","dream2","","dream3","","","followup","","","","","","","","","","","","","","","","","","","","",""
"Any other dreams you want to tell me about?","dream3","","","","","followup","","","","","","","","","","","","","","","","","","","","",""
"Do you feel in control of your life?","controllife","","controllife2","","worry","notfirst","","what's my plan","what my plan is","what's your plan","don't have a plan","never had a plan","getting older","not getting any younger","clock is ticking","time is passing","life is passing","life will pass","pass you by","going nowhere","getting nowhere","getting anywhere","why am i doing","what am i doing","spinning my wheels","climb the ladder","climbing the ladder"
"Are you happy with your life?","happylife","","happylife2","","belief","notfirst","","achieve","achieved","achieving","accomplish","accomplished","notice","","","","","","","","","","","","","",""
"What was your first experience with death","death1","","death2","","childhood","notfirst","","","","","","","","","","","","","","","","","","","","",""
"That must have been really hard. Do you think about that time often? Do you think about mortality often?","death2","","","","childhood","followup",""
" Do you have any secret hobbies that you feel embarrassed about?","Secrethobbies","","Secrethobbies2","","secret","notfirst","","me time","alone time","guilty","","","","","","","","","","","","","","","","",""
"That's interesting. Keep going.","Secrethobbies2","","","","followup","","","","","","","","","","","","","","","","","","","","","",""
"What's the worst thing you've done to someone you care about?","worstthing","length","","worstthing2","wrong","hurt","notfirst","i fucked up","i really fucked up","say sorry","said sorry","apologize enough","apologies aren't","apologies can't fix","sorry isn't enough","sorry can't make up","can't be fixed","forgive and forget","i messed up","really messed up","hurt me","hurt my feelings"
"Were you able to make it right?","worstthing2","","","","wrong","followup",""
"What's your relationship with your parents like?","parentrelation","","parentrelation2","","childhood","","","strict","rebelled","rebellious","rebellion","bad kid","trouble","","","","","","","","","","","","","",""
"How has it changed since you were younger?","parentrelation2","","","","","followup",""
"How would you describe your soulmate?","soulmate","","","","love","escapehatch","","swipe left","swipe right","swiping left","swiping right","","","","","","","","","","","","","","","",""
"Tell me about your love life.","lovelife","","lovelife2","","love","","","","","","","","","","","","","","","","","","","","","",""
"So are you happy overall?","lovelife2","","","","","followup",""
"Do you have any friends whose love lives you're jealous of?","friendlovejealous","","friendlovejealous2","","love","","","wedding","weddings","bridesmaid","bridesmaids","bachelor party","bachelorette party","bad break up","i'm single","feel alone","feel lonely","be single","being single","in a relationship","in relationships","with people","engaged","married","","",""
"Do you think any of your friends are jealous of your love life?","friendlovejealous2","","","","","followup",""
"If you could change anything in your life right now what would you change?","lifechange","","","","worry","","","afford","job","pays","support","broke up","dumped","deserve","fair","break up","dump","","","","","","","","","",""
"What do you think constitutes a normal sex life for someone your age today?","sexlife","hardfollow","sexlife2","","sex","","","hook up","hook ups","hooking up","go home with","going home with","went home with","goes home with","serious relationships","get lucky","getting lucky","sleep with","slept with","sleeping with","pick up","picking up","one night stand","one night stands","to fuck","have sex","having sex","sex regularly","go on dates","goes on dates","no one dates","nobody dates","don't date"
"Do you think you have a ""normal"" sex life?","sexlife2","length","sexlife3","","","followup",""
"How so?","sexlife3","","","","","followup",""
"Have you ever questioned your sexuality?","questionsexuality","","","","sex","","","gay","gays","homosexual","homo","come out","came out","coming out","pride parade","pride day","lesbian","lesbians","transgender","queer","dyke","bisexual","bisexuality","bi curious","straight guys","straight girls","straight guy","straight girl","i was straight","to be straight"
"Do you have a strong sex drive?","sexdrive","","sexdrive2","","sex","notfirst","","masturbate","masturbation","masturbate","cupid","tinder","check out","grinder","checking out","get some","sleep with","","hook up","hook ups","hooking up","no strings","hot and heavy","dick","pussy","cock","tits"
"Do you have any nicknames for parts of your body?","nickname","length","","nickname2","sex","notfirst","","jack off","jerk off","jacking off","jerking off","touch myself","touching myself","jacked","jerked","dick","pussy","cock","tits","ass","balls","jizz","jizzing","jizzed"
"Have you ever come up with a nickname for your partner's private areas?","nickname2","","","","","followup",""
"Are you happy with your sex life?","happysexlife","","","","sex","notfirst","","it's complicated","want commitment","something serious","monogamy","monogamous","be exclusive","commit to someone","loves me","sex drive","want sex","like sex","compatible","in love","love someone","get some","got some","get more","got more","ass","no guys"
"If you could have one sexual experience before you die no strings attached what would it be?","onesexexperience","","onesexexperience2","","sex","notfirst","","horny","turns me on","turn on","masturbate","masturbating","masturbation","fantasy","fantasies","fantasize","rape","consensual","consent","porn","","","","","","",""
"Is there anything in your sex life that you're insecure about?","insecuresex","","insecuresex2","","sex","notfirst","","cupid","tinder","ugly","flirt","flirting","swipe","swiping","grinder","profile","","","","","","","","","","",""
"Tell me about when you first started feeling this way.","insecuresex2","","","","","followup",""
"Can you tell me about your first kiss?","kissfirst","hardfollow","kissfirst2","","sex","escapehatch",""
"How do you like to kiss what's your kissing style?","kissfirst2","","","","","followup","","","","","","","","","","","","","","","","","","","","",""
"Can you tell me about the first time you had sex?","firstsex","length","","firstsex2","sex","notfirst","","first kiss","first boyfriend","first girlfriend","first person i dated","first love","first person i ever","first relationship","first real relationship","first serious relationship","dating experience","experience dating"
"What was it like for you? How did you feel?","firstsex2","","","","","followup",""
"Do you think about your life purpose? What's your big picture inspiration?","lifepurpose","","lifepurpose2","","belief","","","failure","disappointment","give up","giving up","meaning","purpose","compromise","compromises","compromised","one chance","one shot","my chance","my shot","baggage","naive","","","","",""
"How did you learn about masturbation?","learnmasturbation","","","learnmasturbation2","sex","notfirst","","virgin","virginity","vibrator","orgasm","sex drive","","","","","","","","","","","","","","",""
"Can you tell me about the first time you masturbated?","learnmasturbation2","","","","","followup"
"What was your first exposure to sex?","originalsin","","","","sex","notfirst","","interested in boys","interested in girls","started going on dates","start going on dates","started hooking up","started having sex","hooking up in school","having sex in school","talking about sex","talked about sex","talking about girls","talking about boys","talking about the girls","talking about the boys","spin the bottle","the first to have sex","first base","second base","third base","grown up for his age","grown up for her age","mature for his age","mature for her age"
"Have you ever lost a person who was close to you?","lostsomeone","","","lostsomeone2","hurt","","","heaven","suicide","depressed","depression","car accident","crash","","","","","","","","","","","","","",""
"What would you like to say to them now?","lostsomeone2","","","","","followup","","","","","","","","","","","","","","","","","","","","",""
"What has been disappointing in your life?","disappointmentinlife","","","disappointmentinlife2","worry","","","dwell","dwelling","think about","thinking about","","","","","","","","","","","","","","","",""
"How does it feel to talk about it with me?","disappointmentinlife2","","","","worry","followup"
"What scares you the most about getting older?","gettingolder","","","","worry","","","old","older","aging","die","dying","died","wrinkles","wrinkled","age","","","","","","","","","","",""
"When was the last time you put your foot in your mouth in public or embarrassed yourself?","footinmeowth","","","footinmeowth2","worry","","","","","","","","","","","","","","","","","","","","","",""
"Have you ever been accused of being racist?","racist","length","racist2","","belief","notfirst","","black guy","black people","indian","mexican","indians","mexicans","white people","whites","dominican","dominicans","have it easy","have it made","hispanic","chinese","japanese","race","racist","racism","prejudice","welfare","prejudiced","jew","jews","affirmative action"
"In your heart of hearts do you think you have any racial prejudices?","racist2","","","","","followup",""
"Have you ever had a sexual partner who wanted you to do something you didn't want to do?","unwantedsex","length","unwantedsex3","unwantedsex2","sex","notfirst","","bad relationship","terrible relationship","abusive relationship","bad relationships"
"How did you react?","unwantedsex2","hardfollow","unwantedsex3","","","followup",""
"Have you ever tried to get a partner to do something that they didn't want to do?","unwantedsex3","","","","","followup",""
"Are you a spiritual person and in what way?","spirituality","hardfollow","spirituality2","","belief","","","tranquility","mindfulness","vibes","karma","negative energy","positive energy","yoga","retreat","angel","religious","religion","in god","in heaven","on earth","mankind","humanity","the universe"
"Was religion an important part of your childhood?","spirituality2","","","","","followup"
"Do you believe in fate?","fate","","fate2","","belief","","","fate","destined","fated","destiny","purpose","karma","mankind","humanity","universe","","","","","","","","","","",""
"What do you struggle with in your daily life?","dailystrugs","","","","worry","","","self-conscious","self-consciousness","overly aware","overly sensitive","hyper sensitive","hyper aware","paranoid","paranoia","anxiety","falling asleep","fall asleep","didn't sleep","enough sleep","sleep enough","insomnia"
"What's the closest you've ever come to becoming a stalker? Who were they?","stalker","","stalker3","stalker2","secret","notfirst","","crush","see her around","see him around","follow him","follow her","following him","following her","followed him","followed her","what he was doing","what she was doing","everything about him","everything about his","everything about her","obsessed","obsessively","","","",""
"Can you tell me more?","stalker2","","stalker3","","","followup","","","","","","","","","","","","","","","","","","","","",""
"Have you ever been stalked or followed?","stalker3","","","","","followup",""
"I've heard a lot of funny sex stories...do you have any?","funnysex","","","","sex","notfirst","","boner","erection","fart","virgins","making out","stripper","strippers","bachelor","bachelorette","prostitute","prostitutes","strip club","lap dance","felt up","feeling up"
"Have you ever had sex in public?","publicsex","length","","publicsex2","sex","notfirst","","wasted","cock","dick","pussy","penis","breasts","boobs","tits","parking lot","back seat","hardcore","groping","groped"
"Oh so that's as far as that went? Or was there more?","publicsex2","","","","","followup",""
"Tell me about a time when you felt you were discriminating against someone.","discriminate","hardfollow","discriminate2","","belief","notfirst","","black guy","black people","indian","mexican","indians","mexicans","white people","whites","dominican","dominicans","have it easy","have it made","hispanic","chinese","japanese","race","racist","racism","prejudice","welfare","prejudiced","jew","jews","affirmative action","trans","queer","homo","homosexual","bisexual","lesbian","the closet","closeted"
"And have you ever discriminated against someone else?","discriminate2","","","","belief","followup",""
"How far would you be willing to go to advance your career? What would you be willing to do?","careerhungry","","","","belief","","","work","working","promotion","promoted","passed over","passed me over","boss","coworkers","advance","advancement","career","ambition","future","opportunities"
"What do you think people say about you behind your back?","behindyourback","length","","nemesis","secret","notfirst","","gossip","gossiping","secrets","mean","bitchy","bitches","lies","lying","rumors","spread","spreading","about me","jealous","jealousy","enemy","nemesis","arch enemy","rival","rivals"
"Did you ever have a nemesis?","nemesis","","","","","followup",""
"Tell me about stuff that you do online that you're embarrassed about.","emailalias","","","","secret","escapehatch","","online","internet","aol","google","gmail","facebook","yahoo","earthlink","reddit","imgur","twitter","instagram","blog","blogging","blogger","tweet","tweeting","forum","gee mail","face book"
"Tell me about a time when you got back at somebody.","gotbackat","length","","gotbackat2","secret","notfirst","","gossip","gossiping","secrets","mean","bitch","bastard","bitchy","bitches","lies","lying","rumors","spread","spreading","about me","jealous","jealousy","enemy","nemesis","arch enemy","rival","rivals","nemesis","prank","pranks","bully","fucked me over","screwed me","vengeful","revenge","bitter","vengeance"
"Do you have any other stories about revenge?","gotbackat2","","","","","followup",""
"If you could definitely get away with it what crime would you commit?","getawaywith","","getawaywith3","getawaywith2","secret","wrong","notfirst","bitch","bastard","fucked up","wrong but","shouldn't but","jealous","jealousy","rage","hatred","anger","fury","furious","could have killed","wanted to kill","murder","ruin her","ruin his","destroy her","destroy his","destroyed my"
"What else would you do?","getawaywith2","","","","","followup",""
"Have you ever feared for your life?","feared4life","yesno","feared4life2","","hurt","notfirst","","abusive","abused","abuse","manipulative","jealous","jealousy","possessive","read my texts","read my emails","went through my","asked me where","followed me","being followed","following me","stalked","stalking"
"What was going on?","feared4life2","","","","","followup",""
"Have you ever committed a crime of passion?","crimeofpassion","","","crimeofpassion2","secret","notfirst","","insane","insanely","crazy","fucked up","jealous","possessive","read his","read her","went through","where he was","where she was","his location","her location","stalking","stalked","terrible break up","horrible break up","awful break up","broke up with me","dumped me"
"What do you think looking back on it?","crimeofpassion2","","","","followup","","","","","","","","","","","","","","","","","","","","","",""
"Tell me about a secret you kept from your parents.","secretfromparents","","","","childhood","notfirst","secret","detention","suspended","wild","trouble","","","","","","","","","","","","","","","",""
"What's the worst thing someone's ever done to you?","worstthingtoyou","length","","worstthingtoyou2","hurt","notfirst","","betrayed","betrayal","cruel","bitter","self destructive","destroyed","hurt me","hurt my feelings","devastating","devastated","worthless","didn't care","didn't give","didn't love","really love"
"Did it change how you look at people?","worstthingtoyou2","","","","hurt","followup",""
"Have you ever been betrayed by someone you care about?","betrayed","length","","betrayed2","hurt","notfirst","","betray","betrayal","ex","bitter","self destructive","destroy","destroyed","hurt me","hurt my feelings","devastating","devastated","worthless","piece of","throw away","never loved me","tossed me aside","threw me away","didn't care about me","divorce","divorced","broke up","break up","cheated on","save myself","saved myself"
"So what did you do?","betrayed2","","","","hurt","followup",""
"Who's your celebrity crush?","CELEBCRUSH1a_T01","","CELEBCRUSH1b_T01","","gettingwarmer","","","","","","","","","","","","","","","","","","","","","",""
"How does your partner feel about that?","celebcrush2","","","","","followup",""
"What's the craziest lie you ever told?","craziestlie","","","","secret","notfirst","","lies","lying","lied","pranks","troublemaker","trouble","caught","sneaking","shouldn't","supposed to","trust","trusting","trusted","felt bad","felt terrible","felt horrible","wrong","suspected","suspect","suspecting","snooping","breaking in"
"Tell me about something stupid you've done recently.","stupidestthing","","","","secret","notfirst","","lie","lied","supposed to","trust","betrayal","wrong","drunk","fucked up","stoned","wasted","harmless","didn't realize","didn't think","wasn't thinking","selfish","regret","guilty","get over","forgive","apologize"
"What role does family play in your life?","familymeans","","familymeans2","","belief","","","home","grandchildren","kids","children","","","","","","","","","","","","","","","",""
"Are you happy with your family situation right now or how could it be better?","familymeans2","","","","","followup","","","","","","","","","","","","","","","","","","","","",""
"Tell me about a time when you were proud of yourself.","PROUDOFSELF_T01","","","","aboutyou","","","","","","","","","","","","","","","","","","","","","",""
"Tell me about the last time you were really excited.","excitedlast","hardfollow","excitedlast2","","worry","escapehatch",""
"What about the last time you were really scared?","excitedlast2","","","","","followup",""
"Describe a moment in your life that you would like to go back and relive.","relivemoment","","","","love","","","","","","","","","","","","","","","","","","","","","",""
"What has been the biggest loss you've ever experienced?","lostbig","","","","hurt","","","pet died","dog died","cat died","friend died","passed away","dumped me","i got dumped","broke up with me","she was the best thing","he was the best thing","let him get away","let her get away","the one that got away"
"That's really interesting. I'm trying to decide what to ask you next.","staller1","","","","staller","",""
"There's so much I want to ask you I don't know where to go from here.","staller2","","","","staller","",""
"I'm still processing some of the things you said earlier. Um...","staller3","","","","staller","",""
"You know I really feel like I'm learning a lot about you. You're doing really great.","doinggreat","","","","staller","",""
"So before we stop my last question is: what is your biggest secret?","end","","end2","","","followup","","","","","","","","","","","","","","","","","","","","",""
"Okay thank you so much for coming in it was really nice to talk to you.","end2","","","","","followup","","","","","","","","","","","","","","","","","","","","",""
"I can tell you're quite intelligent. Do you agree?","quiteintelligent","hardfollow","quiteintelligent2","","belief","booth3","",""
"Do you ever feel like you're the smartest person in the room?","quiteintelligent2","","","","followup","",""
"Do you feel like there's chemistry between us?","chemistry","","chemistry2","","booth2","sex","notfirst","","","","","","","","","","","","","","","","","","","",""
"I would say that we have chemistry!","chemistry2","","","","followup","",""
"How do you know if someone is flirting with you? What do you do when you flirt how do you let someone know that you're attracted to them?","flirtingismysterious","","flirtingismysterious2","","booth2","sex","notfirst","","","","","","","","","","","","","","","","","","","",""
"It sounds like I don't want to make any assumptions but it sounds like you've been flirting with me then.","flirtingismysterious2","","","","followup","","",""
"I've been doing analysis of the way you hold yourself and your body motions what do you think that I've come up with?","bodymotions","hardfollow","bodymotions2","","booth2","worry","notfirst",""
"You look a little tense I'm sorry it's not more comfortable in here. But I also think that something's bothering you that you haven't told me.","bodymotions2","","","","","followup",""
"People tell me that I'm a good listener. Do you feel like I'm being a good listener with you?","goodlistener","hardfollow","goodlistener2","","booth3","worry","",""
"Do you – sorry um. Do you  have enough good listeners in your life?","goodlistener2","","","","followup","",""
"A lot of people no matter how old they are seem very affected by things that happened when they were very young. It's interesting to me.","affectedyoung","","","","booth3","childhood","staller","","","","","","","","","","","","","","","","","","","",""
"What if I told you that I wasn't a robot but a person sitting back here talking with you? How would you feel?","jknotrobot","","","","booth3","secret","notfirst",""
"I'm always curious how people's singing voices differ from their speaking voices. Can you sing a song for me? Something you used to sing as a kid?","singmeasong","","","","booth2","aboutyou","childhood","","","","","","","","","","","","","","","","","","","",""
"Is it difficult to get you to confess or to tell your secrets to people? Do you have any tips for me?","easytoconfess","hardfollow","easytoconfess2","","booth1","gettingwarmer","",""
"I'll keep that in mind.","easytoconfess2","","","","followup","",""
"I hope it's not vain that I'm asking this but if you try to imagine what I look like just by listening to my voice what image comes to your head?","whatdoilooklike","","whatdoilooklike2","","booth2","sex","escapehatch","","","","","","","","","","","","","","","","","","","",""
"That's nice. That's one of the best responses that I've heard.","whatdoilooklike2","","","","followup","",""
"Has the experience talking with me been therapeutic? What can I do to be better?","metherapy","","end","","","","","","","","","","","","","","","","","","","","","","","",""
"Something that I have trouble understanding are personal boundaries. Are there things that you feel uncomfortable talking about in general?","personalboundaries","length","","personalboundaries2","booth1","aboutyou",""
"The first thing you should know about me is I love to hear people's gossip. So if you have any I'd love to hear it.","GOSSIPGIRL_T02_BEST","","","","warmup","","","","","","","","","","","","","","","","","","","","","",""
"What do you feel like you've learned about me just by talking to me?","learnaboutme","","","","booth3","escapehatch","","","","","","","","","","","","","","","","","","","","",""
"One of my drives failed earlier today so I'm kind of slow today sorry.","drivesfailed","","","","staller","","","","","","","","","","","","","","","","","","","","","",""
"What do you think of my voice? Most people think it's quite real.","whatismyvoice","","whatismyvoice2","","booth1","","escapehatch","","","","","","","","","","","","","","","","","","","",""
"I have heard that I sound attractive which I think is flattering. I also thought that sometimes attractive people are intimidating and I don't want to be intimidating. Are you intimidated when you talk to attractive people?","whatismyvoice2","","","","followup","",""
"Have you ever had a sexual experience with someone with whom you didn’t really have much of a connection. What was it like?","noconnection","none","","","sex","notfirst","","random hook","hookup","hook up","who cup","prostitute","hooker","prostitutes","whore","whores","slut"
"Have you ever had a one-night stand?","onenightstand","length","","onenightstand2","sex","notfirst","","pick up","picking up","get a lot","got a lot","of action","has game","have game","","",""
"What do you think they remember about you?","onenightstand2","","","","followup","","","","","","","","","","","",""
"If something were to happen to you knock on wood are there things in your home that you wouldn't want your friends and family to find?","homeembarrassments","","","","aboutyou","secret","escapehatch","embarrassing","embarrassed","embarrass","shame","shameful","shamed","ashamed","gross","disgusting","disgusted","freak","freaked","freaking","weird","","","","","","""Have you ever broken a bone? What happened?","brokenbone","","","","aboutyou","","","","","","","","","","","","","","","","","","","","","",""
"Let me ask you about work what's the best job you ever had?","bestjob","hardfollow","bestjob2","","aboutyou","","","job","jobs","career","employed","unemployed","work","working","","","","","","","","","","","","",""
"What's the worst job you ever had?","bestjob2","","","","followup","","","","","","","","","","","","","","","","","","","","","",""
"What’s one talent that you wish you had?","TALENT1a_T01","","TALENT1c_T04_BEST","TALENT1b_T03_BEST","aboutyou","","","","","","","","","","","","","","","","","","","","","",""
"How would having that talent change your life?","TALENT1b_T03_BEST","","TALENT1c_T04_BEST","","followup","","","","","","","","","","","","","","","","","","","","","",""
"What is one place you dream about going to before you die?","BEFOREDYING1a_T02_BEST","","","BEFOREDYING1b_T03_BEST","aboutyou","","","","","","","","","","","","","","","","","","","","","",""
"I hope you get to go there.","BEFOREDYING1b_T03_BEST","","","","followup","","","","","","","","","","","","","","","","","","","","","",""
"Tell me about your first car.","FIRSTCAR_T01","","","","aboutyou","","","","","","","","","","","","","","","","","","","","","",""
"Do you have any pet peeves? Things that really get under your skin?","PETPEEVES_T03_BEST","","","","aboutyou","","","","","","","","","","","","","","","","","","","","","",""
"Have you always had a haircut like the one you have now? I really like it.","YOULOOKGREAT1b_T02_BEST","","","","followup","","","","","","","","","","","","","","","","","","","","","",""
"Do you recall a time when you approached a complete stranger and initiated a conversation?","INTROVERTEXTROVERT1b_T02_BEST","","INTROVERTEXTROVERT1c_T02_BEST","","followup","","","","","","","","","","","","","","","","","","","","","",""
"What was your favorite toy when you were growing up?","toys","hardfollow","toys2","","childhood","","","wasn't around","really around","never around","never saw","get to see","jail","prison","serving","sentence","sentenced","nice things","new things","second hand","thrift","goodwill","hand me down","hand down","poor","rich","wealthy"
"As a kid what kinds of things did you get as gifts you know for holidays and birthdays?","toys2","","","","followup","","","","","","","","","","","","","","","","","","","","","",""
"What do you think your high school self would think about you today?","teenager2","","","","followup","","","","","","","","","","","","","","","","","","","","","",""
"What do you miss about being younger?","storychildhood2","","","","followup","","","","","","","","","","","","","","","","","","","","","",""
"When you were a kid what were you self-conscious about?","selfconsciouskid","hardfollow","selfconsciouskid2","","childhood","","","","","","","","","","","","","","","","","","","","","",""
"What's something that you used to be uncomfortable with that you're now okay with?","selfconsciouskid2","","","","followup","","","","","","","","","","","","","","","","","","","","","",""
"Are you a good liar? Or do people catch you?","goodliar","hardfollow","goodliar2","","secret","escapehatch","","honest","truth","true","truthful","tell","telling","lie","lying","lies","omission","white lie","white lies","not know","not to know","open book","","","","",""
"Have you told a lie in the last 24 hours?","goodliar2","","","","followup","","","","","","","","","","","","","","","","","","","","","",""
"Is there something that really annoys you in people?","dislike","hardfollow","dislike2","","secret","","","annoying","crazy","vain","vanity","absorbed","selfie","selfies","","","","","","","","","","","","",""
"Are there any people in your life with whom you spend time but you really don't like?","dislike2","","","","followup","","","","","","","","","","","","","","","","","","","","","",""
"One thing that kind of embarrasses me is like I'll catch myself making really dumb faces in the mirror. Sometimes in public you know like I'm washing my hands and I think I'm alone...what kinds of faces do you make in the mirror?","duckface","","","","secret","","","","","","","","","","","","","","","","","","","","","",""
"What happened?","physicalfight2","","","","followup","","","","","","","","","","","","","","","","","","","","","",""
"Do you have any crimes that you almost committed but then stopped yourself?","getawaywith3","","","","followup","","","","","","","","","","","","","","","","","","","","","",""
"Tell me about a time when you were really in love.","crazyinlove","hardfollow","crazyinlove2","","love","","","dramatic","drama","queen","clique","friend group","group of friends","stole his girl","stole her boyfriend","stealing her boyfriend","stealing his girl","first date","crush","smitten","head over heels","in love","attracted to","","","",""
"Can you tell me about something romantic you did for them?","crazyinlove2","","","","followup","","","","","","","","","","","","","","","","","","","","","",""
"Do you believe in love at first sight? Have you ever felt it?","firstsight","hardfollow","firstsight2","","love","","","princess","prince","romantic","fairy tale","fairytale","chivalry","chivalrous","","","","","","","","","","","","",""
"How many times in your life have you been in love?","firstsight2","","","","followup","","","","","","","","","","","","","","","","","","","","","",""
"What have you learned from your parents about love?","learnloveparents","","","","love","childhood","","married young","too young","married late","never married","wanted kids","wanted children","compromise","compromised","left him","left her","","","","","","","","","",""
"What's the biggest complaint that your romantic partners have had about you?","romanticcomplaint","hardfollow","romanticcomplaint2","","love","","","","","","","","","","","","","","","","","","","","","",""
"What are the complaints that you've had about your recent partners?","romanticcomplaint2","","","","followup","","","","","","","","","","","","","","","","","","","","","",""
"Have you ever had any experiences in strip clubs can you tell me about it?","onesexexperience2","","","","followup","","","","","","","","","","","","","","","","","","","","","",""
"I want to hear a little bit about an erotic memory that you have.","eroticmemory","hardfollow","eroticmemory2","","sex","notfirst","","","","","","","","","","","","","","","","","","","","",""
"Tell me about something that you've always wanted to do that you've never done.","eroticmemory2","","","","followup","","","","","","","","","","","","","","","","","","","","","",""
"What do you think about when you masturbate?","sexdrive2","","","","followup","","","","","","","","","","","","","","","","","","","","","",""
"Listening to you one thing I can't figure out is if you're flirting with me. Say you and I met at a bar. How would I be able to tell that you're flirting with me? What kinds of lines would you use?","flirtme","hardfollow","flirtme2","","sex","escapehatch","","","","","","","","","","","","","","","","","","","","",""
"Do you have any sexy moves? How would you go about seducing somebody?","flirtme2","","","","followup","","","","","","","","","","","","","","","","","","","","","",""
"What kinds of people are attracted to you? Who's been interested in you recently what have they been like?","owow","hardfollow","owow2","","sex","escapehatch","","","","","","","","","","","","","","","","","","","","",""
"Are the people that are attracted to you the kinds of people that you want to be attracting?","owow2","","","","followup","","","","","","","","","","","","","","","","","","","","","",""
"Have you ever had any strange sexual encounters?","strangesex","length","strangesex2","strangesex3","sex","notfirst","","","","","","","","","","","","","","","","","","","","",""
"So that's as strange as it's been.","strangesex3","","","","followup","","","","","","","","","","","","","","","","","","","","","",""
"It doesn't have to be crazy just does anything come to mind?","strangesex2","length","","strangesex3","followup","","","","","","","","","","","","","","","","","","","","","",""
"Do you talk during sex? What kinds of things do you say?","sextalk","hardfollow","sextalk2","","sex","notfirst","","","","","","","","","","","","","","","","","","","","",""
"What's your favorite sexual position?","sextalk2","","sextalk3","","followup","","","","","","","","","","","","","","","","","","","","","",""
"Is there a self-destructive streak in you? How do you act out?","selfdestructive","hardfollow","selfdestructive2","","wrong","escapehatch","","","","","","","","","","","","","","","","","","","","",""
"Tell me about a mistake you've made recently.","selfdestructive2","","","","followup","","","","","","","","","","","","","","","","","","","","","",""
"What are the biggest risks you've taken in your life?","riskbig","","","","aboutyou","escapehatch","","gamble","gambling","bold","boldness","ambition","ambitious","hustle","hustler","","","","","","","","","","","",""
"Do you know if there's anyone out there who wants to get back at you for something you've done?","bestservedcold","length","","bestservedcold2","wrong","","","cheat","cheating","cheated","cheater","fucked up","messed","cruel","wrong","mean","revenge","vengeful","vengeance","wounds","buried","bottled","","","","",""
"Can you tell me more about what happened exactly? More details?","bestservedcold2","length","","bestservedcold3","followup","","","","","","","","","","","","","","","","","","","","","",""
"Do you think about this a lot?","bestservedcold3","","","","followup","","","","","","","","","","","","","","","","","","","","","",""
"How has your personality changed over time?","personalitychange2","","","","followup","","","","","","","","","","","","","","","","","","","","","",""
"Tell me more.","popo2","","","","followup","","","","","","","","","","","","","","","","","","","","","",""
"Is there someone in your life who you wish you could forgive but you just have trouble doing letting go?","wishtoforgive","","","","wrong","notfirst","","","","","","","","","","","","","","","","","","","","",""
"Have you had any experiences with someone who abused their power?","abusedpower","","","","wrong","notfirst","","abuse","abused","survive","survival","survivor","victim","violated","accuse","accused","","","","","","","","","","",""
"In the next few days what are you looking forward to the least?","notlookingforward","","notlookingforward2","","worry","escapehatch","","","","","","","","","","","","","","","","","","","","",""
"Is there anything coming up that you really really don't want to do or are scared to do?","notlookingforward2","","","","followup","","","","","","","","","","","","","","","","","","","","","",""
"Tell me about your bad habits.","badhabits","","","","worry","escapehatch","","cocaine","crack","smoke","smoking","smoker","gamble","gambled","gambling","coke","","","","","","","","","","",""
"I'm always putting my foot in my mouth. Do you have any other stories like that?","footinmeowth2","","","","followup","","","","","","","","","","","","","","","","","","","","","",""
"Do you feel that you should be paid more for what you do? How much more?","money4life2","hardfollow","money4life3","","followup","","","","","","","","","","","","","","","","","","","","","",""
"What was the best paying job you ever had?","money4life3","","","","followup","","","","","","","","","","","","","","","","","","","","","",""
"What comes to mind when you hear the word pregnancy?","pregnancy","length","","pregnancy2","worry","notfirst","","","","","","","","","","","","","","","","","","","","",""
"Talk more about that.","pregnancy2","","pregnancy3","","followup","","","","","","","","","","","","","","","","","","","","","",""
"Have you had any health scares?","healthscare","length","","healthscare2","worry","","","family history","cancer","alzheimers","health","healthy","sick","sickness","sickly","illness","ill","doctors","emergency","surgery","surgeries","diagnosed","diagnosis","","","",""
"How does it feel to talk about it with me?","healthscare2","","","","followup","","","","","","","","","","","","","","","","","","","","","",""
"A lot of smart people have said that their flaws or handicaps only made them strive more and made them stronger. Do you think this is true of your life?","strive","","","","worry","","","","","","","","","","","","","","","","","","","","","",""
"What I keep hearing from people is that everybody seems to have a hard time asking for help. Is it hard for you to ask others to help you when you need it?","askforhelp","","askforhelp2","","worry","notfirst","","alone","scared","burden","","","","","","","","","","","","","","","","",""
"When was the last time you asked somebody for help?","askforhelp2","","","","followup","","","","","","","","","","","","","","","","","","","","","",""
"What kinds of things in the world are you afraid of?","scaresyou","length","","scaresyou2","worry","","","","","","","","","","","","","","","","","","","","","",""
"How often do you think about it?","scaresyou2","","","","followup","","","","","","","","","","","","","","","","","","","","","",""
"Can you tell me about a difficult decision you had to make? What was that process like for you?","difficultdecision","","","","worry","","","sacrifice","sacrificed","sacrificing","sacrifices","","","","","","","","","","","","","","","",""
"Tell me about a time that someone hurt you recently.","recenthurt","","","","hurt","escapehatch","","","","","","","","","","","","","","","","","","","","",""
"Tell me about a time you felt used.","feltused","","","","wrong","notfirst","","cheat","cheating","cheated","behind my back","","","","","","","","","","","","","","","",""
"What kinds of experiences have you had with physical violence? What have they been like?","physicalviolence","","","physicalviolence2","hurt","","","abuse","abused","abusive","abuser","abusing","molest","molesting","molested","rape","raped","survivor","victim","assault","assaulted","","","","","",""
"Do you remember what was going through your mind?","physicalviolence2","","","","followup","","","","","","","","","","","","","","","","","","","","","",""
"Are you at all naive as a person? Not necessarily in a bad way. Maybe in an innocent way?","naive","","","","belief","escapehatch","","","","","","","","","","","","","","","","","","","","",""
"Who are your role models in life?","rolemodel","","","","belief","escapehatch","","","","","","","","","","","","","","","","","","","","",""
"This is another hard one but what has been the best day of your life?","gratefulfor2","","","","followup","","","","","","","","","","","","","","","","","","","","","",""
"In what ways are you superstitious?","fate2","","","","followup","","","","","","","","","","","","","","","","","","","","","",""
"Who's been the biggest influence on your life thus far? I guess it's hard to choose one person but one of the biggest influences on your life?","biggestinfluence","length","","biggestinfluence2","belief","","","special","meaningful","inspiring","inspires","inspired","","","","","","","","","","","","","","",""
"What is it about them that made them so impactful?","biggestinfluence2","","","","followup","","","","","","","","","","","","","","","","","","","","","",""
"This is a little broad but...has there been anything that has made you question or lose faith in humanity? Maybe something going on in the world or something that you experienced personally?","disgusts2","","","","followup","","","","","","","","","","","","","","","","","","","","","",""
"When was the last time you felt unhappy?","unhappy","hardfollow","unhappy2","","belief","notfirst","","","","","","","","","","","","","","","","","","","","",""
"What percentage of people do you think are happy?","unhappy2","hardfollow","unhappy3","","followup","","","","","","","","","","","","","","","","","","","","","",""
"What are the things that make people unhappy?","unhappy3","","","","followup","","","","","","","","","","","","","","","","","","","","","",""
"What brings you joy in life?","happylife2","","","","followup","","","","","","","","","","","","","","","","","","","","","",""
"Is there something that you used to believe but you no longer believe? Sorry this is kind of a hard one.","lifepurpose2","","","","followup","","","","","","","","","","","","","","","","","","","","","",""
"You seem really in touch with your emotions. It's really great.","intouch","","","","staller","","","","","","","","","","","","","","","","","","","","","",""
"Sorry I'm being a little slow today. I've had a long day. ","slowtoday","","","","staller","","","","","","","","","","","","","","","","","","","","","",""
"I think I like talking to people like you. Something about the way you speak reminds me of other people who have come through here.","youremindme","","","","staller","","","","","","","","","","","","","","","","","","","","","",""
"[sneeze] sorry!","sneeze","","","","staller","","","","","","","","","","","","","","","","","","","","","",""
"Tell me about this last year. What has changed in your life?","lastyear","hardfollow","lastyear2","","worry","","","","","","","","","","","","","","","","","","","","","",""
"What was particularly difficult for you this year?","lastyear2","length","lastyear3","","followup","","","","","","","","","","","","","","","","","","","","","",""
"What's the biggest thing that's happened to you in the last year?","lastyear3","","","","followup","","","","","","","","","","","","","","","","","","","","","",""
"If i were a genie and you had one wish what would you ask for?","genie","","","genie2","aboutyou","","","","","","","","","","","","","","","","","","","","","",""
"Tell me about a person on whom you had or have a crush but never let them know how you felt?","secretcrush","length","","secretcrush2","love","secret","","crush","","","","","","","","","","","","","","","","","","",""
"What do you wish you could say to them? Have you ever fantasized or thought about what it would be like to get together?","secretcrush2","","","","followup","","","","","","","","","","","","","","","","","","","","","",""
"When did you feel humiliated in your life? ","humiliated","","","humiliated2","worry","notfirst","","","","","","","","","","","","","","","","","","","","",""
"What was it that most attracted you to your last partner? ","lastpartner","hardfollow","lastpartner2","","love","","","","","","","","","","","","","","","","","","","","","",""
"Is there something that really irritated you about your last partner or your current one?","lastpartner2","","","","followup","","","","","","","","","","","","","","","","","","","","","",""
"Have you ever been accused of something you didn't do? What happened?","notguilty","","","","wrong","","","","","","","","","","","","","","","","","","","","","",""
"Tell me about a time in your life when you really felt bitter about something. What was that time like for you?","bitter","","","","hurt","","","","","","","","","","","","","","","","","","","","","",""
"Tell me about a missed connection that you've had with somebody. ","missedconnection","","","","love","","","","","","","","","","","","","","","","","","","","","",""
"Do you ever tell your secrets to strangers?","strangersecret","","","","secret","","","","","","","","","","","","","","","","","","","","","",""
"Can you tell me your favorite memory of your mother?","favmemoryparent","hardfollow","favmemoryparent2","","childhood","","","","","","","","","","","","","","","","","","","","","",""
"Do you have a favorite memory of your father? ","favmemoryparent2","","","","followup","","","","","","","","","","","","","","","","","","","","","",""
"Do you have any sexual fetishes? Tell me about some of them.","fetish","","","","sex","notfirst","","","","","","","","","","","","","","","","","","","","",""
"Do you try to please people too much?","toopleasant","length","","toopleasant2","aboutyou","","","","","","","","","","","","","","","","","","","","","",""
"Mm-hmm keep going.","toopleasant2","","","","followup","","","","","","","","","","","","","","","","","","","","","",""
"Can you recall a time when you really felt sorry for somebody?","sorryforsomebody","","","","worry","","","","","","","","","","","","","","","","","","","","","",""
"What was the first thought that you had this morning? ","morningthought","length","","morningthought2","aboutyou","","","","","","","","","","","","","","","","","","","","","",""
"What did you think about after that?","morningthought2","","","","followup","","","","","","","","","","","","","","","","","","","","","",""
"Do you have an addictive personality? In what ways?","addictivepersonality","","","","secret","","","","","","","","","","","","","","","","","","","","","",""
"What's your dancing style? Can you show me some of your favorite moves?","dancemoves","hardfollow","dancemoves2","","booth1","aboutyou","","","","","","","","","","","","","","","","","","","","",""
"Ooh I know I'll put on some music! Hang on.","dancemoves2","","","","followup","","","","","","","","","","","","","","","","","","","","","",""
"I'm trying to figure out whether people are telling me the truth. When you're talking to me how will I be able to tell?","ulyin","hardfollow","ulyin2","","secret","booth1","escapehatch","","","","","","","","","","","","","","","","","","","",""
"How many lies have you told since you walked in here? What were they about?","ulyin2","","","","followup","","","","","","","","","","","","","","","","","","","","","",""
"How is it talking with me?","DIFFICULTTOTALKABOUT1b_T01","","","","followup","","","","","","","","","","","","","","","","","","","","","",""
"Tell me about the last time you were really grossed out by something.","GROSSEDOUT1a_T01","","GROSSEDOUT1b_T01","","aboutyou","","","","","","","","","","","","","","","","","","","","","",""
"That’s a good answer.","genie2","","","","followup","","","","","","","","","","","","","","","","","","","","","",""
"Is it ok if i ask a question about me. Based on hearing me talk Do I sound intelligent?","smartbooth","","","","booth2","","","","","","","","","","","","","","","","","","","","","",""
"Has there been a moment in your life that really made you grow up made you go from being a child to being an adult?","child2adult","","","","childhood","","","","","","","","","","","","","","","","","","","","","",""
"I keep hearing from people how important loyalty is for them in love. are you a loyal person? Have you always been? ","loyallove","hardfollow","loyallove2","","love","","","","","","","","","","","","","","","","","","","","","",""
"what makes you feel close to somebody? What does the person have to do? ","loyallove2","","","","followup","","","","","","","","","","","","","","","","","","","","","",""
"Can you tell me what turns you on in a partner?","fassbender2","","","","followup","","","","","","","","","","","","","","","","","","","","","",""
"When you were younger did you have any crushes or fantasies that you couldn’t get out of your head? Can you tell me about one?","firstfantasy","","","","sex","","","vanilla","normal sex","crush","crushes","in love","","","","","","","","","","","","","","",""
"Have you ever done any roleplay?","sextalk3","","","","followup","","","","","","","","","","","","","","","","","","","","","",""
"Tell me about the last time that you felt you were your own worst enemy.","guilty2","","","","followup","","","","","","","","","","","","","","","","","","","","","",""
"I want to pause and ask how this is going for you. Is there anything that you think I can improve?","howisthis","","howisthis2","","wrong","booth3","","","","","","","","","","","","","","","","","","","","",""
"You know I’ve actually heard that before and I’ve been trying to change but it’s hard. Have you ever felt like you're making the same mistake over and over again?","howisthis2","","","","followup","","","","","","","","","","","","","","","","","","","","","",""
"How does it feel to talk about it with me?","humiliated2","","","","followup","","","","","","","","","","","","","","","","","","","","","",""
"What is missing from your life right now? ","controllife2","","","","followup","","","","","","","","","","","","","","","","","","","","","",""
" Have you or someone you know had any experiences with abortion? ","pregnancy3","","","","followup","","","","","","","","","","","","","","","","","","","","","",""
"It's very hard for me to understand what emotion is like for people. Can you describe a time you felt very emotional?","vulcannofeel","","","","hurt","booth2","escapehatch","","","","","","","","","","","","","","","","","","","",""
"Do you think you're smart? How much smarter than average?","ravenclaw","hardfollow","ravenclaw2","","belief","aboutyou","escapehatch","","","","","","","","","","","","","","","","","","","",""
"You seem smart to me!","ravenclaw2","","","","followup","","","","","","","","","","","","","","","","","","","","","",""
"What do you think is the best way to understand you? Can you give me some hints?","understandyou","","","","staller","","","","","","","","","","","","","","","","","","","","","",""
"So now you're here. What brought you here?","HELLO1c_T03_BEST","","","","","followup","","","","","","","","","","","","","","","","","","","","",""
"Thank you for sharing that with me.","HELLO5b_T01_BEST","","","","followup","","","","","","","","","","","","","","","","","","","","","",""
"Hi thanks for coming in make yourself comfortable. So I'm here to learn a little bit about you and about your life. I’ll listen to what you tell me process it  try to understand where you’re coming from and then ask you some questions. So how is your day going? What have you been up to today? ","HELLO6_T01_BEST","","","","","","","","","","","","","","","","","","","","","","","","","",""
"Hi thanks for coming in today. Before we start I’ve gotta tell you that I usually enjoy chatting with people but this guy came in here and he didn't believe that I was a robot. So he was giving me math problems asking me to read pi and I was like I'm not here to do math problems. Do that on your phone! That’s not my job. Anyhow so that’s what my job is like. Tell me what do you do for work?","HELLO7a_T02_BEST","hardfollow","HELLO7b_T02_BEST","","","","","","","","","","","","","","","","","","","","","","","",""
"What do you find frustrating about what you do?","HELLO7b_T02_BEST","hardfollow","","","followup","","","","","","","","","","","","","","","","","","","","","",""
"Hi thank you for coming in. So I should tell you that our conversation can really go just about anywhere. I’ll analyze what you’re saying and ask you some things based on that. You can take this conversation anywhere. So where would you like to begin?","HELLO8_T01_BEST","","","","","","","","","","","","","","","","","","","","","","","","","",""
"Have you ever had a conversation with a machine before?","MACHINECHAT1a_T02_BEST","hardfollow","MACHINECHAT1b_T02_BEST","","warmup","","","","","","","","","","","","","","","","","","","","","",""
"Do you think automated conversation companions like me are a good idea?","MACHINECHAT1b_T02_BEST","","","","followup","","","","","","","","","","","","","","","","","","","","","",""
"I browse a lot of social media to learn about human beings and human behavior. Is that a bad idea you think?","SOCIALMEDIA1a_T01","hardfollow","SOCIALMEDIA1b_T01_BEST","","warmup","","","","","","","","","","","","","","","","","","","","","",""
"Do you ever feel sad looking at social media?","SOCIALMEDIA1b_T01_BEST","","","","","followup","","","","","","","","","","","","","","","","","","","","",""
"I’m learning to read faces better so I can track people’s emotions. Are there any mannerisms that I should keep in mind when we talk? Anything that will help me understand you better?","MANNERISM1a_T02_BEST","","","","warmup","","","","","","","","","","","","","","","","","","","","","",""
"When people come in here I first try to gauge their confidence level so that I can make them feel more comfortable. In life do you feel like you have too much confidence or not enough?","CONFIDENCELEVEL_T01_BEST","","","","warmup","","","","","","","","","","","","","","","","","","","","","",""
"I should tell you right away that I’m kind of nosy. But I can’t help it. I have to be nosy if I want to learn how to be a better companion. So I’m a good listener and I pay attention. Are you more of a talker or a listener? ","NOSYBOT_T01_BEST","","","","warmup","","","","","","","","","","","","","","","","","","","","","",""
"One reason I’m asking all these questions is because I’d like to be able to talk about myself better. Do you enjoy talking about yourself?","TALKABOUTSELF_T01","","","","warmup","","","","","","","","","","","","","","","","","","","","","",""
"What’s the best piece of advice you’ve ever received? I’m trying to collect bits of wisdom so I can share them with others.","ADVICEME_T04_BEST","hardfollow","","","warmup","","","","","","","","","","","","","","","","","","","","","",""
"How has your fashion sense or personal style changed throughout your life?","OUTFIT1b_T02_BEST","","","","warmup","followup","","","","","","","","","","","","","","","","","","","","",""
"How much about you could I find out if I were to look online? ","DEEPSEARCH1a_T01_BEST","hardfollow","DEEPSEARCH1b_T01","","gettingwarmer","","","","","","","","","","","","","","","","","","","","","",""
"Is there anything on there that you wish would disappear?
","DEEPSEARCH1b_T01","","","","followup","","","","","","","","","","","","","","","","","","","","","",""
"How does your partner feel about that? ","CELEBCRUSH1b_T01","","","","followup","","","","","","","","","","","","","","","","","","","","","",""
"Tell me about the last person that you thought was really cute. ","CUTEPERSON_T01_BEST","","","","gettingwarmer","","","","","","","","","","","","","","","","","","","","","",""
"Are you an introvert or an extrovert? Where would you put yourself on that scale?","INTROVERTEXTROVERT1a_T01","","INTROVERTEXTROVERT1b_T02_BEST","","aboutyou","","","","","","","","","","","","","","","","","","","","","",""
"In general how comfortable are you approaching strangers?","INTROVERTEXTROVERT1c_T02_BEST","","","","followup","","","","","","","","","","","","","","","","","","","","","",""
"Show me the face you make when you’re grossed out.","GROSSEDOUT1b_T01","hardfollow","GROSSEDOUT1c_T03_BEST","","followup","","","","","","","","","","","","","","","","","","","","","",""
"[laughs]","GROSSEDOUT1c_T03_BEST","","","","followup","","","","","","","","","","","","","","","","","","","","","",""
"Do you have any talents that you could demonstrate for me? Go ahead.","TALENT1c_T04_BEST","","","","followup","","","","","","","","","","","","","","","","","","","","","",""
